;,;.;:;CC;CD;DT;EX;FW;IN;JJ;JJR;JJS;LS;MD;NFP;NN;NNP;NNPS;NNS;PDT;POS;PRP;PRP$;RB;RBR;RBS;RP;TO;UH;VB;VBD;VBG;VBN;VBP;VBZ;WDT;WP;WP$;WRB;_SP
,;0.000;0.000;0.000;0.239;0.002;0.069;0.013;0.013;0.077;0.037;0.002;0.000;0.000;0.002;0.000;0.030;0.060;0.000;0.022;0.000;0.000;0.155;0.022;0.116;0.000;0.000;0.000;0.000;0.009;0.009;0.013;0.024;0.011;0.024;0.011;0.021;0.007;0.000;0.009;0.000
.;0.000;0.139;0.009;0.009;0.000;0.000;0.009;0.000;0.000;0.000;0.000;0.000;0.000;0.000;0.009;0.000;0.000;0.000;0.000;0.000;0.000;0.000;0.000;0.000;0.000;0.000;0.000;0.000;0.000;0.000;0.000;0.000;0.000;0.000;0.009;0.000;0.000;0.000;0.000;0.817
:;0.000;0.048;0.000;0.095;0.000;0.095;0.000;0.000;0.095;0.048;0.000;0.000;0.000;0.000;0.000;0.048;0.000;0.000;0.048;0.000;0.000;0.048;0.000;0.095;0.000;0.000;0.000;0.000;0.143;0.000;0.095;0.000;0.000;0.048;0.048;0.000;0.000;0.000;0.000;0.048
CC;0.004;0.000;0.000;0.004;0.007;0.089;0.005;0.000;0.053;0.065;0.004;0.000;0.000;0.014;0.002;0.089;0.077;0.000;0.028;0.002;0.000;0.147;0.037;0.123;0.005;0.000;0.000;0.002;0.005;0.054;0.053;0.056;0.009;0.021;0.019;0.004;0.004;0.000;0.019;0.000
CD;0.027;0.074;0.020;0.034;0.020;0.007;0.000;0.000;0.221;0.047;0.020;0.000;0.000;0.000;0.000;0.134;0.020;0.000;0.248;0.000;0.000;0.007;0.000;0.007;0.000;0.000;0.000;0.007;0.000;0.000;0.000;0.007;0.020;0.013;0.027;0.007;0.007;0.000;0.020;0.007
DT;0.006;0.012;0.001;0.004;0.013;0.002;0.000;0.000;0.019;0.236;0.005;0.010;0.000;0.006;0.000;0.416;0.064;0.004;0.076;0.000;0.000;0.007;0.001;0.026;0.003;0.004;0.001;0.002;0.000;0.001;0.016;0.009;0.005;0.003;0.047;0.001;0.001;0.000;0.000;0.000
EX;0.000;0.000;0.000;0.000;0.000;0.030;0.000;0.000;0.000;0.000;0.000;0.000;0.000;0.091;0.000;0.000;0.000;0.000;0.000;0.000;0.000;0.000;0.000;0.000;0.030;0.000;0.000;0.000;0.000;0.000;0.121;0.000;0.000;0.242;0.485;0.000;0.000;0.000;0.000;0.000
FW;0.100;0.000;0.000;0.000;0.000;0.000;0.000;0.500;0.000;0.000;0.000;0.000;0.000;0.100;0.000;0.000;0.000;0.000;0.100;0.000;0.000;0.000;0.000;0.000;0.000;0.000;0.000;0.000;0.000;0.000;0.000;0.000;0.000;0.000;0.100;0.000;0.000;0.000;0.000;0.100
IN;0.002;0.007;0.001;0.005;0.018;0.310;0.002;0.000;0.022;0.054;0.004;0.005;0.000;0.000;0.001;0.118;0.097;0.008;0.053;0.002;0.000;0.138;0.049;0.023;0.001;0.000;0.000;0.000;0.002;0.001;0.001;0.048;0.006;0.000;0.002;0.002;0.010;0.000;0.009;0.000
JJ;0.048;0.084;0.003;0.044;0.017;0.010;0.000;0.000;0.108;0.040;0.000;0.001;0.000;0.001;0.000;0.371;0.023;0.002;0.160;0.000;0.000;0.014;0.001;0.025;0.000;0.000;0.000;0.018;0.000;0.003;0.005;0.003;0.003;0.003;0.004;0.003;0.002;0.000;0.004;0.000
JJR;0.019;0.074;0.000;0.019;0.000;0.000;0.000;0.000;0.222;0.074;0.000;0.000;0.000;0.000;0.000;0.185;0.000;0.000;0.296;0.000;0.000;0.019;0.000;0.037;0.000;0.000;0.000;0.037;0.000;0.019;0.000;0.000;0.000;0.000;0.000;0.000;0.000;0.000;0.000;0.000
JJS;0.048;0.000;0.000;0.000;0.071;0.000;0.000;0.000;0.167;0.048;0.000;0.000;0.000;0.000;0.000;0.262;0.048;0.000;0.190;0.000;0.000;0.071;0.000;0.000;0.000;0.000;0.000;0.024;0.000;0.024;0.024;0.024;0.000;0.000;0.000;0.000;0.000;0.000;0.000;0.000
LS;0.000;0.000;0.000;0.000;0.000;0.000;0.000;0.000;0.000;0.500;0.000;0.000;0.500;0.000;0.000;0.000;0.000;0.000;0.000;0.000;0.000;0.000;0.000;0.000;0.000;0.000;0.000;0.000;0.000;0.000;0.000;0.000;0.000;0.000;0.000;0.000;0.000;0.000;0.000;0.000
MD;0.000;0.011;0.000;0.007;0.000;0.011;0.000;0.000;0.007;0.000;0.000;0.000;0.000;0.000;0.000;0.004;0.004;0.000;0.004;0.000;0.000;0.018;0.000;0.329;0.000;0.000;0.000;0.004;0.000;0.604;0.000;0.000;0.000;0.000;0.000;0.000;0.000;0.000;0.000;0.000
NFP;0.000;0.000;0.000;0.000;0.333;0.000;0.000;0.000;0.000;0.000;0.000;0.000;0.000;0.000;0.000;0.333;0.000;0.000;0.000;0.000;0.000;0.333;0.000;0.000;0.000;0.000;0.000;0.000;0.000;0.000;0.000;0.000;0.000;0.000;0.000;0.000;0.000;0.000;0.000;0.000
NN;0.067;0.203;0.003;0.055;0.002;0.011;0.001;0.000;0.235;0.010;0.001;0.000;0.000;0.022;0.000;0.085;0.011;0.000;0.034;0.000;0.000;0.036;0.002;0.039;0.001;0.000;0.002;0.023;0.001;0.007;0.031;0.010;0.006;0.007;0.056;0.016;0.008;0.000;0.009;0.002
NNP;0.080;0.115;0.007;0.056;0.004;0.007;0.001;0.000;0.091;0.013;0.001;0.000;0.000;0.030;0.000;0.074;0.159;0.008;0.025;0.000;0.000;0.016;0.001;0.031;0.002;0.000;0.000;0.011;0.000;0.012;0.127;0.011;0.002;0.013;0.086;0.001;0.005;0.000;0.005;0.005
NNPS;0.114;0.000;0.000;0.057;0.000;0.029;0.000;0.000;0.057;0.000;0.000;0.029;0.000;0.029;0.000;0.229;0.000;0.000;0.057;0.000;0.000;0.000;0.000;0.057;0.000;0.000;0.000;0.000;0.000;0.000;0.000;0.057;0.000;0.229;0.000;0.000;0.057;0.000;0.000;0.000
NNS;0.087;0.181;0.003;0.067;0.000;0.009;0.000;0.001;0.196;0.015;0.000;0.001;0.000;0.029;0.001;0.023;0.011;0.000;0.016;0.000;0.000;0.028;0.004;0.058;0.001;0.000;0.005;0.021;0.001;0.009;0.037;0.020;0.013;0.091;0.021;0.033;0.014;0.001;0.003;0.000
PDT;0.000;0.000;0.000;0.000;0.000;0.846;0.000;0.000;0.000;0.000;0.000;0.000;0.000;0.000;0.000;0.000;0.000;0.000;0.000;0.000;0.000;0.000;0.154;0.000;0.000;0.000;0.000;0.000;0.000;0.000;0.000;0.000;0.000;0.000;0.000;0.000;0.000;0.000;0.000;0.000
POS;0.000;0.000;0.000;0.000;0.000;0.000;0.000;0.000;0.000;0.000;0.000;0.000;0.000;0.000;0.000;0.000;0.000;0.000;0.000;0.000;0.000;0.000;0.000;0.000;0.000;0.000;0.000;0.000;0.000;0.000;0.000;0.000;0.000;0.000;0.000;0.000;0.000;0.000;0.000;0.000
PRP;0.016;0.044;0.002;0.007;0.000;0.014;0.000;0.000;0.053;0.007;0.003;0.000;0.000;0.089;0.000;0.008;0.004;0.000;0.003;0.000;0.000;0.003;0.000;0.092;0.002;0.001;0.001;0.008;0.000;0.027;0.214;0.009;0.002;0.269;0.123;0.000;0.000;0.000;0.002;0.000
PRP$;0.000;0.000;0.000;0.000;0.010;0.062;0.000;0.000;0.010;0.221;0.000;0.007;0.000;0.000;0.000;0.428;0.010;0.000;0.152;0.000;0.000;0.003;0.003;0.079;0.000;0.000;0.000;0.000;0.000;0.000;0.000;0.014;0.000;0.000;0.000;0.000;0.000;0.000;0.000;0.000
RB;0.042;0.078;0.006;0.016;0.008;0.047;0.001;0.000;0.092;0.105;0.006;0.003;0.000;0.009;0.000;0.016;0.015;0.001;0.007;0.000;0.000;0.031;0.006;0.117;0.006;0.000;0.001;0.016;0.002;0.161;0.051;0.055;0.045;0.024;0.021;0.000;0.003;0.000;0.007;0.001
RBR;0.000;0.100;0.000;0.025;0.000;0.000;0.000;0.000;0.175;0.325;0.000;0.000;0.000;0.025;0.000;0.050;0.000;0.000;0.000;0.000;0.000;0.050;0.000;0.125;0.000;0.000;0.000;0.000;0.000;0.000;0.000;0.050;0.075;0.000;0.000;0.000;0.000;0.000;0.000;0.000
RBS;0.000;0.000;0.000;0.000;0.000;0.000;0.000;0.000;0.000;0.833;0.000;0.000;0.000;0.000;0.000;0.000;0.000;0.000;0.000;0.000;0.000;0.000;0.000;0.167;0.000;0.000;0.000;0.000;0.000;0.000;0.000;0.000;0.000;0.000;0.000;0.000;0.000;0.000;0.000;0.000
RP;0.049;0.147;0.010;0.059;0.010;0.108;0.000;0.000;0.373;0.020;0.000;0.000;0.000;0.000;0.000;0.059;0.029;0.010;0.010;0.000;0.000;0.000;0.020;0.049;0.000;0.000;0.000;0.000;0.010;0.000;0.010;0.020;0.000;0.000;0.000;0.000;0.000;0.000;0.000;0.010
TO;0.000;0.003;0.000;0.000;0.000;0.000;0.000;0.000;0.003;0.000;0.000;0.000;0.000;0.000;0.000;0.003;0.000;0.000;0.000;0.000;0.000;0.000;0.000;0.027;0.003;0.000;0.000;0.000;0.000;0.960;0.000;0.000;0.000;0.000;0.000;0.000;0.000;0.000;0.000;0.000
UH;0.435;0.106;0.012;0.000;0.012;0.000;0.012;0.000;0.024;0.024;0.000;0.000;0.000;0.000;0.000;0.012;0.047;0.000;0.012;0.012;0.000;0.106;0.000;0.047;0.000;0.000;0.000;0.000;0.024;0.094;0.012;0.012;0.000;0.000;0.000;0.000;0.000;0.000;0.000;0.000
VB;0.017;0.045;0.002;0.008;0.005;0.156;0.000;0.000;0.161;0.070;0.006;0.001;0.000;0.001;0.000;0.066;0.040;0.001;0.033;0.000;0.000;0.104;0.044;0.065;0.007;0.001;0.024;0.032;0.002;0.002;0.000;0.022;0.056;0.000;0.003;0.000;0.015;0.000;0.010;0.001
VBD;0.012;0.029;0.000;0.009;0.013;0.147;0.000;0.000;0.131;0.071;0.004;0.003;0.000;0.000;0.000;0.021;0.040;0.000;0.012;0.001;0.000;0.105;0.027;0.183;0.003;0.001;0.038;0.032;0.001;0.010;0.006;0.055;0.027;0.000;0.001;0.004;0.001;0.000;0.010;0.000
VBG;0.011;0.028;0.000;0.013;0.011;0.122;0.000;0.000;0.195;0.058;0.004;0.002;0.000;0.000;0.000;0.101;0.041;0.002;0.075;0.002;0.000;0.062;0.021;0.047;0.004;0.004;0.039;0.109;0.000;0.000;0.004;0.000;0.028;0.002;0.002;0.002;0.006;0.000;0.004;0.000
VBN;0.040;0.047;0.000;0.013;0.003;0.060;0.000;0.000;0.334;0.047;0.003;0.000;0.000;0.000;0.000;0.084;0.023;0.003;0.040;0.003;0.000;0.030;0.013;0.097;0.007;0.000;0.047;0.050;0.000;0.000;0.000;0.017;0.017;0.003;0.000;0.007;0.000;0.000;0.010;0.000
VBP;0.014;0.034;0.002;0.005;0.012;0.102;0.002;0.000;0.088;0.062;0.003;0.003;0.000;0.002;0.000;0.033;0.028;0.000;0.019;0.003;0.000;0.100;0.017;0.241;0.000;0.000;0.014;0.078;0.002;0.009;0.000;0.060;0.048;0.002;0.002;0.000;0.007;0.000;0.007;0.002
VBZ;0.016;0.028;0.000;0.003;0.017;0.155;0.003;0.000;0.089;0.089;0.005;0.000;0.000;0.002;0.000;0.030;0.021;0.000;0.010;0.000;0.000;0.057;0.024;0.200;0.002;0.000;0.007;0.038;0.000;0.010;0.005;0.083;0.073;0.000;0.000;0.000;0.014;0.000;0.017;0.000
WDT;0.011;0.011;0.000;0.000;0.000;0.021;0.000;0.000;0.011;0.000;0.000;0.000;0.000;0.138;0.000;0.053;0.053;0.000;0.043;0.000;0.000;0.149;0.000;0.064;0.000;0.000;0.000;0.000;0.000;0.000;0.138;0.000;0.000;0.128;0.181;0.000;0.000;0.000;0.000;0.000
WP;0.000;0.019;0.000;0.000;0.000;0.102;0.000;0.000;0.009;0.009;0.000;0.000;0.000;0.083;0.000;0.028;0.028;0.000;0.009;0.009;0.000;0.250;0.009;0.037;0.000;0.000;0.000;0.000;0.000;0.000;0.167;0.009;0.000;0.102;0.130;0.000;0.000;0.000;0.000;0.000
WP$;0.000;0.000;0.000;0.000;0.000;0.000;0.000;0.000;0.000;0.000;0.000;0.000;0.000;0.000;0.000;0.000;0.000;0.000;1.000;0.000;0.000;0.000;0.000;0.000;0.000;0.000;0.000;0.000;0.000;0.000;0.000;0.000;0.000;0.000;0.000;0.000;0.000;0.000;0.000;0.000
WRB;0.021;0.014;0.000;0.000;0.014;0.105;0.000;0.000;0.028;0.091;0.000;0.000;0.000;0.035;0.000;0.042;0.056;0.000;0.021;0.000;0.000;0.343;0.007;0.042;0.000;0.000;0.000;0.049;0.000;0.007;0.014;0.014;0.028;0.035;0.035;0.000;0.000;0.000;0.000;0.000
_SP;0.000;0.000;0.000;0.000;0.000;0.154;0.000;0.000;0.000;0.000;0.000;0.000;0.000;0.077;0.000;0.000;0.154;0.000;0.000;0.000;0.000;0.154;0.000;0.154;0.000;0.000;0.000;0.000;0.000;0.000;0.000;0.000;0.154;0.154;0.000;0.000;0.000;0.000;0.000;0.000
